id,collected_at_utc,location,weather_time,temperature_c,feels_like_c,humidity_percent,precipitation_mm,cloud_cover_percent,wind_speed_kmh,surface_pressure_hpa
268,2026-07-17 11:47:59.864435+00,Colliers Wood,2026-07-17 11:45:00+00,25.3,26.2,39,0,0,6.8,1015.1
269,2026-07-17 16:37:38.079617+00,Colliers Wood,2026-07-17 16:30:00+00,29.7,27.5,25,0,28,10.4,1012.7
270,2026-07-17 20:15:48.175375+00,Colliers Wood,2026-07-17 20:15:00+00,23.4,23.1,62,0,0,15.1,1014.6
271,2026-07-17 23:34:04.688708+00,Colliers Wood,2026-07-17 23:30:00+00,20,20,75,0,0,12.2,1016
272,2026-07-18 06:33:18.339991+00,Colliers Wood,2026-07-18 06:30:00+00,16.8,15.9,71,0,62,9.4,1017.7
273,2026-07-18 10:49:10.539972+00,Colliers Wood,2026-07-18 10:45:00+00,20.7,20,44,0,1,10.8,1017.8
274,2026-07-18 13:56:40.528726+00,Colliers Wood,2026-07-18 13:45:00+00,23.9,21.9,35,0,84,13,1017.8
275,2026-07-18 14:38:05.392202+00,Colliers Wood,2026-07-18 14:30:00+00,24.1,21.3,34,0,77,14,1017.9
277,2026-07-18 14:51:49.14855+00,Colliers Wood,2026-07-18 14:45:00+00,24.2,21.4,33,0,67,14,1017.8
278,2026-07-18 15:02:31.294936+00,Colliers Wood,2026-07-18 15:00:00+00,24.3,21.4,33,0,63,14,1017.7
279,2026-07-18 18:11:36.273958+00,Colliers Wood,2026-07-18 18:00:00+00,22.1,19.9,45,0,13,14.8,1018.4
280,2026-07-18 21:09:13.016185+00,Colliers Wood,2026-07-18 21:00:00+00,19.1,16.9,56,0,62,15.5,1019.9
281,2026-07-19 00:14:53.912202+00,Colliers Wood,2026-07-19 00:00:00+00,16.7,14.6,60,0,21,12.2,1020.9
282,2026-07-19 07:58:01.517561+00,Colliers Wood,2026-07-19 07:45:00+00,15.8,12.9,53,0,34,13.7,1022.8
283,2026-07-19 11:42:10.754947+00,Colliers Wood,2026-07-19 11:30:00+00,20.7,18.6,35,0,67,13.3,1023
284,2026-07-19 15:32:39.790446+00,Colliers Wood,2026-07-19 15:30:00+00,23,19.5,30,0,36,14.4,1022.4
285,2026-07-19 18:42:17.155233+00,Colliers Wood,2026-07-19 18:30:00+00,21.4,18.2,34,0,29,13.7,1023.2
286,2026-07-19 21:37:22.971918+00,Colliers Wood,2026-07-19 21:30:00+00,18.1,15.3,48,0,0,13.7,1024.5
287,2026-07-20 08:28:53.599089+00,Colliers Wood,2026-07-20 08:15:00+00,16.5,14.4,53,0,0,9,1025.5
288,2026-07-20 15:32:17.808276+00,Colliers Wood,2026-07-20 15:30:00+00,25.6,22.9,27,0,71,10.4,1024
289,2026-07-20 20:45:13.417832+00,Colliers Wood,2026-07-20 20:45:00+00,20.8,18.9,51,0,18,14,1025.3
290,2026-07-21 00:08:24.533231+00,Colliers Wood,2026-07-21 00:00:00+00,17.7,17.4,68,0,0,5.8,1026.2
291,2026-07-21 09:40:36.405184+00,Colliers Wood,2026-07-21 09:30:00+00,18.6,17.5,61,0,84,9,1026.8
292,2026-07-21 15:55:46.874137+00,Colliers Wood,2026-07-21 15:45:00+00,24.1,22.8,43,0,66,10.4,1025.8
293,2026-07-21 20:44:06.547194+00,Colliers Wood,2026-07-21 20:30:00+00,22,21.1,52,0,0,10.1,1025.3
294,2026-07-22 00:03:13.900459+00,Colliers Wood,2026-07-22 00:00:00+00,18.1,17.7,67,0,2,6.1,1026.1
295,2026-07-22 09:35:04.300858+00,Colliers Wood,2026-07-22 09:30:00+00,21.9,22.9,56,0,3,4,1023.9
296,2026-07-22 15:23:33.723982+00,Colliers Wood,2026-07-22 15:15:00+00,27.6,26.3,32,0,67,7.9,1021.6
297,2026-07-22 20:01:01.684547+00,Colliers Wood,2026-07-22 20:00:00+00,21.8,22,68,0,85,11.9,1022.4
298,2026-07-22 23:35:02.914841+00,Colliers Wood,2026-07-22 23:30:00+00,20,19.6,66,0,85,9.7,1022.9
299,2026-07-23 08:03:33.272762+00,Colliers Wood,2026-07-23 08:00:00+00,19.6,19.8,66,0,96,4.7,1022.2
300,2026-07-23 13:14:52.140696+00,Colliers Wood,2026-07-23 13:00:00+00,25.5,23.9,35,0,95,8.3,1021.2
301,2026-07-23 18:01:28.480552+00,Colliers Wood,2026-07-23 18:00:00+00,26,24.7,38,0,91,10.1,1019.3
302,2026-07-23 21:41:04.44656+00,Colliers Wood,2026-07-23 21:30:00+00,22.1,20.8,56,0,95,15.1,1019.8
303,2026-07-24 06:45:56.820594+00,Colliers Wood,2026-07-24 06:45:00+00,18.9,18.7,64,0,9,5.4,1018.8
304,2026-07-24 12:06:17.727939+00,Colliers Wood,2026-07-24 12:00:00+00,26,26.3,40,0,34,4.7,1015.7
305,2026-07-24 17:56:12.172623+00,Colliers Wood,2026-07-24 17:45:00+00,27.9,26.8,36,0,77,10.4,1012
306,2026-07-24 21:45:52.334125+00,Colliers Wood,2026-07-24 21:45:00+00,24.3,23.1,48,0,100,13.7,1011.6
307,2026-07-25 06:36:06.563614+00,Colliers Wood,2026-07-25 06:30:00+00,18.7,17.8,59,0,0,7.2,1009.3
308,2026-07-25 10:58:42.751261+00,Colliers Wood,2026-07-25 10:45:00+00,24.3,23.7,39,0,21,12.6,1008.2
309,2026-07-25 14:51:06.570284+00,Colliers Wood,2026-07-25 14:45:00+00,29.4,27.4,28,0,86,15.1,1005.4
310,2026-07-25 18:07:14.555021+00,Colliers Wood,2026-07-25 18:00:00+00,27.5,24.9,35,0,14,19.1,1004.5
311,2026-07-25 21:11:54.529216+00,Colliers Wood,2026-07-25 21:00:00+00,21.8,19.6,52,0,1,17.6,1005.5
312,2026-07-26 07:20:22.648565+00,Colliers Wood,2026-07-26 07:15:00+00,19.8,18.7,76,0,100,20.5,1002.5
313,2026-07-26 11:47:40.931941+00,Colliers Wood,2026-07-26 11:45:00+00,24.3,22.1,44,0,86,17.6,1003.2
314,2026-07-26 15:44:03.104949+00,Colliers Wood,2026-07-26 15:30:00+00,26,22.5,34,0,57,21.6,1004.4
315,2026-07-26 20:02:42.965199+00,Colliers Wood,2026-07-26 20:00:00+00,21.5,18.2,46,0,81,20.9,1008.4
316,2026-07-26 23:35:54.397506+00,Colliers Wood,2026-07-26 23:30:00+00,19.1,16.8,56,0,79,15.8,1010.7
317,2026-07-27 12:00:33.386062+00,Colliers Wood,2026-07-27 12:00:00+00,23.4,22,39,0,44,13,1016.8
318,2026-07-27 18:01:01.766962+00,Colliers Wood,2026-07-27 18:00:00+00,26.4,24.9,37,0,31,11.2,1016.9
319,2026-07-27 21:51:55.935825+00,Colliers Wood,2026-07-27 21:45:00+00,23,22.4,57,0,7,13,1018.1
320,2026-07-28 07:47:16.331576+00,Colliers Wood,2026-07-28 07:45:00+00,21.1,21.6,68,0,39,7.6,1018.6
321,2026-07-28 13:21:41.173474+00,Colliers Wood,2026-07-28 13:15:00+00,28.4,28.8,42,0,35,11.2,1017.2
322,2026-07-28 18:04:21.899126+00,Colliers Wood,2026-07-28 18:00:00+00,28.6,28.3,45,0,27,14.8,1015.2
323,2026-07-28 21:48:20.489633+00,Colliers Wood,2026-07-28 21:45:00+00,23.6,24.7,65,0,0,7.9,1016
324,2026-07-29 08:01:21.263783+00,Colliers Wood,2026-07-29 08:00:00+00,23.2,24,55,0,36,2.2,1013.4
325,2026-07-29 15:34:46.654758+00,Colliers Wood,2026-07-29 15:30:00+00,33.7,31.4,25,0,0,18.4,1010.2
326,2026-07-29 18:44:07.369323+00,Colliers Wood,2026-07-29 18:30:00+00,30.2,28.1,34,0,0,19.8,1010.4
327,2026-07-29 21:42:57.668039+00,Colliers Wood,2026-07-29 21:30:00+00,25.5,25,50,0,0,13.3,1012.1
328,2026-07-30 07:41:32.223983+00,Colliers Wood,2026-07-30 07:30:00+00,20.6,20.5,63,0,1,8.3,1013.2
329,2026-07-30 13:17:32.1904+00,Colliers Wood,2026-07-30 13:15:00+00,27.1,25.6,39,0,62,14.4,1014
330,2026-07-30 18:04:18.696994+00,Colliers Wood,2026-07-30 18:00:00+00,25.2,24.6,50,0,70,13,1013.8
331,2026-07-30 21:52:55.332732+00,Colliers Wood,2026-07-30 21:45:00+00,22.9,23.2,60,0,94,8.6,1014.6
332,2026-07-31 08:20:10.493885+00,Colliers Wood,2026-07-31 08:15:00+00,18.6,16.8,51,0,81,9,1016.9
333,2026-07-31 15:52:27.292252+00,Colliers Wood,2026-07-31 15:45:00+00,26.1,22.8,22,0,14,10.8,1016.3
334,2026-07-31 20:43:20.009076+00,Colliers Wood,2026-07-31 20:30:00+00,23.1,21.2,39,0,6,10.4,1016.4
335,2026-08-01 00:12:26.571437+00,Colliers Wood,2026-08-01 00:00:00+00,20.2,20.5,58,0,100,1.8,1017.7
336,2026-08-01 08:42:25.890449+00,Colliers Wood,2026-08-01 08:30:00+00,19.1,16.8,41,0,11,7.9,1018.8
337,2026-08-01 12:14:51.704571+00,Colliers Wood,2026-08-01 12:00:00+00,23.8,23.1,29,0,19,4.3,1018.5
338,2026-08-01 15:46:50.500617+00,Colliers Wood,2026-08-01 15:45:00+00,26.5,23.7,22,0,68,7.9,1017
339,2026-08-01 20:02:35.508503+00,Colliers Wood,2026-08-01 20:00:00+00,24.9,22,27,0,41,10.4,1016.8
340,2026-08-01 23:17:45.340264+00,Colliers Wood,2026-08-01 23:15:00+00,21.7,19.6,34,0,0,6.1,1017.1
341,2026-08-02 07:51:49.912675+00,Colliers Wood,2026-08-02 07:45:00+00,18.8,17.9,60,0,20,7.9,1016.7
342,2026-08-02 11:45:10.075031+00,Colliers Wood,2026-08-02 11:45:00+00,25.9,24,34,0,63,11.2,1015.6
343,2026-08-02 15:43:50.425492+00,Colliers Wood,2026-08-02 15:30:00+00,27.8,24.8,29,0,44,16.9,1013.3
344,2026-08-02 20:01:38.209925+00,Colliers Wood,2026-08-02 20:00:00+00,22.8,19.8,39,0,100,16.6,1013.1
345,2026-08-02 23:35:22.08811+00,Colliers Wood,2026-08-02 23:30:00+00,20.4,19.2,60,0,50,12.6,1012.1
346,2026-08-03 12:37:17.676096+00,Colliers Wood,2026-08-03 12:30:00+00,30.5,30,27,0,6,10.4,1009
347,2026-08-03 18:58:47.356199+00,Colliers Wood,2026-08-03 18:45:00+00,27.6,25.6,36,0,80,15.8,1007.4
348,2026-08-03 22:37:48.152494+00,Colliers Wood,2026-08-03 22:30:00+00,22.8,23.3,61,0,0,7.2,1008.7
349,2026-08-04 08:08:51.776089+00,Colliers Wood,2026-08-04 08:00:00+00,23.5,22.3,45,0,100,9.4,1007.8
350,2026-08-04 16:24:06.463892+00,Colliers Wood,2026-08-04 16:15:00+00,26.6,25.4,50,0,86,20.5,1007.8
351,2026-08-04 20:58:15.975012+00,Colliers Wood,2026-08-04 20:45:00+00,21.6,21,71,0,0,18.4,1009.1
352,2026-08-05 06:14:56.774668+00,Colliers Wood,2026-08-05 06:00:00+00,19.1,18.7,79,0,38,14.8,1010.2
353,2026-08-05 12:28:18.799924+00,Colliers Wood,2026-08-05 12:15:00+00,23.8,20.9,42,0,58,19.8,1012.3
354,2026-08-05 18:09:27.71204+00,Colliers Wood,2026-08-05 18:00:00+00,23.2,19.3,34,0,24,20.5,1014.5
355,2026-08-05 22:31:48.793933+00,Colliers Wood,2026-08-05 22:30:00+00,18.1,15.7,56,0,0,14.8,1017
356,2026-08-06 08:03:43.274767+00,Colliers Wood,2026-08-06 08:00:00+00,16.8,14.8,58,0,61,10.4,1021.1
357,2026-08-06 23:58:30.549228+00,Colliers Wood,2026-08-06 23:45:00+00,19.4,17.4,40,0,86,5.8,1023.1
358,2026-08-07 01:43:54.175015+00,Colliers Wood,2026-08-07 01:30:00+00,15.5,13.7,52,0,0,4.3,1022.9
359,2026-08-07 06:01:07.037145+00,Colliers Wood,2026-08-07 06:00:00+00,14.3,12.6,53,0,0,2.9,1023
360,2026-08-07 09:38:13.161949+00,Colliers Wood,2026-08-07 09:30:00+00,19.2,18.3,40,0,1,3.2,1023
361,2026-08-07 12:06:49.096013+00,Colliers Wood,2026-08-07 12:00:00+00,23,22.3,32,0,14,5.8,1021.6
362,2026-08-07 15:13:25.20253+00,Colliers Wood,2026-08-07 15:00:00+00,25.7,23.8,28,0,27,5.8,1020.5
363,2026-08-07 18:05:53.087646+00,Colliers Wood,2026-08-07 18:00:00+00,26,23.5,26,0,12,8.3,1019.4
364,2026-08-07 20:09:18.331633+00,Colliers Wood,2026-08-07 20:00:00+00,21.8,19,44,0,0,17.6,1020.3
365,2026-08-07 22:09:21.538151+00,Colliers Wood,2026-08-07 22:00:00+00,19.4,18,55,0,0,9.7,1020.7
366,2026-08-07 23:56:18.689791+00,Colliers Wood,2026-08-07 23:45:00+00,17.7,17.1,62,0,0,5,1020
367,2026-08-08 04:18:51.108928+00,Colliers Wood,2026-08-08 04:15:00+00,14.2,13,71,0,0,5.8,1019.8
368,2026-08-08 06:25:33.649879+00,Colliers Wood,2026-08-08 06:15:00+00,14.7,13.4,64,0,0,5,1019.9
369,2026-08-08 08:22:48.836812+00,Colliers Wood,2026-08-08 08:15:00+00,18.9,18.1,56,0,1,5.8,1019.2
370,2026-08-08 10:05:47.398469+00,Colliers Wood,2026-08-08 10:00:00+00,22.9,21.9,41,0,0,10.4,1018.8
371,2026-08-08 11:16:29.032843+00,Colliers Wood,2026-08-08 11:15:00+00,25.3,24.3,32,0,18,11.5,1018.3
372,2026-08-08 13:54:23.649809+00,Colliers Wood,2026-08-08 13:45:00+00,28,26.1,24,0,87,12.2,1016.5
373,2026-08-08 15:03:43.639267+00,Colliers Wood,2026-08-08 15:00:00+00,28.4,25.6,23,0,0,13.3,1016
374,2026-08-08 16:02:33.218556+00,Colliers Wood,2026-08-08 16:00:00+00,28.4,25.1,22,0,0,13.7,1015.7
375,2026-08-08 17:47:12.794634+00,Colliers Wood,2026-08-08 17:45:00+00,27.3,24.4,25,0,86,12.2,1015.1
376,2026-08-08 19:18:00.969892+00,Colliers Wood,2026-08-08 19:15:00+00,25.8,23.4,28,0,78,9.7,1015
377,2026-08-08 20:57:37.215824+00,Colliers Wood,2026-08-08 20:45:00+00,24.1,21.4,30,0,100,10.1,1014.8
378,2026-08-08 22:01:31.027952+00,Colliers Wood,2026-08-08 22:00:00+00,22,20.3,42,0,0,8.3,1014.9
379,2026-08-08 23:04:47.828028+00,Colliers Wood,2026-08-08 23:00:00+00,20.4,19.2,46,0,0,5,1014.6
380,2026-08-09 00:02:19.745119+00,Colliers Wood,2026-08-09 00:00:00+00,19.9,18.8,48,0,0,4.3,1014.2
381,2026-08-09 04:48:12.177655+00,Colliers Wood,2026-08-09 04:45:00+00,17,16.6,60,0,75,1.4,1012.9
382,2026-08-09 07:41:28.450958+00,Colliers Wood,2026-08-09 07:30:00+00,20,19.3,46,0,68,1.1,1012.4
383,2026-08-09 10:00:45.371107+00,Colliers Wood,2026-08-09 10:00:00+00,24.2,23.2,29,0,59,2.9,1012.7
384,2026-08-09 11:16:23.931582+00,Colliers Wood,2026-08-09 11:15:00+00,25.8,25.7,27,0,0,2.9,1012.2
385,2026-08-09 13:57:50.3877+00,Colliers Wood,2026-08-09 13:45:00+00,31,29.6,22,0,20,7.6,1010.3
386,2026-08-09 15:17:20.147108+00,Colliers Wood,2026-08-09 15:15:00+00,31.9,29.7,22,0,37,10.4,1009.8
387,2026-08-09 17:06:56.539621+00,Colliers Wood,2026-08-09 17:00:00+00,31.5,29.4,23,0,34,10.4,1009.4
388,2026-08-09 19:18:37.277566+00,Colliers Wood,2026-08-09 19:15:00+00,28.3,26.1,36,0,0,19.1,1010.3
389,2026-08-09 21:03:53.076218+00,Colliers Wood,2026-08-09 21:00:00+00,26.1,23.5,35,0,100,16.6,1011.6
390,2026-08-09 22:03:54.8745+00,Colliers Wood,2026-08-09 22:00:00+00,24.7,22.9,41,0,100,13.7,1012.3
391,2026-08-09 23:15:56.299211+00,Colliers Wood,2026-08-09 23:15:00+00,23,21.7,50,0,77,12.6,1012.6
392,2026-08-10 05:08:15.803435+00,Colliers Wood,2026-08-10 05:00:00+00,18.8,18.5,70,0,100,9,1014.5
393,2026-08-10 10:02:24.199041+00,Colliers Wood,2026-08-10 10:00:00+00,23.1,21.8,47,0,48,11.5,1017.4
394,2026-08-10 12:35:15.969913+00,Colliers Wood,2026-08-10 12:30:00+00,25.5,24.6,31,0,100,9.7,1017.9
395,2026-08-10 15:44:27.954575+00,Colliers Wood,2026-08-10 15:30:00+00,27.1,24.8,27,0,0,9.7,1018
396,2026-08-10 18:36:31.127694+00,Colliers Wood,2026-08-10 18:30:00+00,24.5,22.9,52,0,83,19.4,1019.4
397,2026-08-10 21:10:14.316175+00,Colliers Wood,2026-08-10 21:00:00+00,20.3,19.2,67,0,0,16.2,1020.7
398,2026-08-10 23:09:49.299329+00,Colliers Wood,2026-08-10 23:00:00+00,18.8,17.4,65,0,0,14,1021.4
399,2026-08-11 04:06:51.947289+00,Colliers Wood,2026-08-11 04:00:00+00,16.2,16,77,0,0,5.8,1022.3
400,2026-08-11 08:13:42.740754+00,Colliers Wood,2026-08-11 08:00:00+00,19.8,18.6,61,0,1,11.9,1023.1
401,2026-08-11 11:09:13.561966+00,Colliers Wood,2026-08-11 11:00:00+00,24.2,23.4,41,0,5,13,1023
402,2026-08-11 14:45:52.431164+00,Colliers Wood,2026-08-11 14:45:00+00,26,23.8,36,0,0,17.3,1022
403,2026-08-11 18:05:16.396143+00,Colliers Wood,2026-08-11 18:00:00+00,23.3,21.2,47,0,0,16.6,1022
404,2026-08-11 20:25:22.665837+00,Colliers Wood,2026-08-11 20:15:00+00,20.6,19,58,0,0,15.5,1022.2
405,2026-08-11 22:27:33.397607+00,Colliers Wood,2026-08-11 22:15:00+00,19.6,18.8,67,0,0,12.6,1022.5
406,2026-08-12 05:13:15.438613+00,Colliers Wood,2026-08-12 05:00:00+00,16.7,16.9,80,0,0,5.8,1021.9
407,2026-08-12 09:41:37.911731+00,Colliers Wood,2026-08-12 09:30:00+00,23.8,23.3,45,0,0,9,1021.8
408,2026-08-12 12:06:04.453694+00,Colliers Wood,2026-08-12 12:00:00+00,29.2,29.5,28,0,0,6.1,1021.4
409,2026-08-12 15:31:08.424404+00,Colliers Wood,2026-08-12 15:30:00+00,33.3,31.7,23,0,0,9.7,1020.3
410,2026-08-12 18:39:22.891486+00,Colliers Wood,2026-08-12 18:30:00+00,29.8,28,31,0,0,14.4,1020.6
411,2026-08-12 21:26:58.504177+00,Colliers Wood,2026-08-12 21:15:00+00,25.5,25,46,0,0,10.1,1021.1
412,2026-08-12 23:25:52.124916+00,Colliers Wood,2026-08-12 23:15:00+00,23.2,23.1,55,0,0,8.6,1021.2
413,2026-08-13 05:23:47.249729+00,Colliers Wood,2026-08-13 05:15:00+00,18.7,19.6,80,0,87,5.8,1020.2
414,2026-08-13 09:44:06.663541+00,Colliers Wood,2026-08-13 09:30:00+00,27.6,28.3,41,0,0,5,1019.9
415,2026-08-13 12:09:08.572781+00,Colliers Wood,2026-08-13 12:00:00+00,33.1,33.6,25,0,0,7.2,1019.1
416,2026-08-13 15:37:21.186514+00,Colliers Wood,2026-08-13 15:30:00+00,36.5,34.4,18,0,2,11.2,1017.4
417,2026-08-13 18:41:52.801877+00,Colliers Wood,2026-08-13 18:30:00+00,33.9,31.3,20,0,0,13.7,1017
418,2026-08-13 21:28:13.151189+00,Colliers Wood,2026-08-13 21:15:00+00,29.6,27.7,26,0,0,9,1017.3
419,2026-08-13 23:27:18.390558+00,Colliers Wood,2026-08-13 23:15:00+00,27,25,27,0,0,7.6,1017.1
420,2026-08-14 05:20:10.504419+00,Colliers Wood,2026-08-14 05:15:00+00,21.1,21.2,60,0,0,6.1,1016.3
421,2026-08-14 09:30:40.698937+00,Colliers Wood,2026-08-14 09:30:00+00,26.4,27.3,48,0,0,6.1,1016.1
422,2026-08-14 11:59:15.277149+00,Colliers Wood,2026-08-14 11:45:00+00,30.2,32.4,38,0,0,4,1015.3
423,2026-08-14 15:08:52.654378+00,Colliers Wood,2026-08-14 15:00:00+00,33.7,33.9,26,0,100,2.9,1013.4
424,2026-08-14 18:10:51.680918+00,Colliers Wood,2026-08-14 18:00:00+00,33.9,33.2,27,0,11,9.4,1012.5
425,2026-08-14 20:05:22.454586+00,Colliers Wood,2026-08-14 20:00:00+00,32.1,31,32,0,1,14.8,1012.8
426,2026-08-14 21:01:53.066676+00,Colliers Wood,2026-08-14 21:00:00+00,29,28.6,43,0,85,14.4,1013.3
427,2026-08-14 21:53:57.98104+00,Colliers Wood,2026-08-14 21:45:00+00,27,26.5,46,0,41,13,1013.6
428,2026-08-14 22:55:12.88019+00,Colliers Wood,2026-08-14 22:45:00+00,25.9,25.7,50,0,2,12.2,1013.6
429,2026-08-14 23:56:30.097028+00,Colliers Wood,2026-08-14 23:45:00+00,25.2,25,51,0,44,10.8,1013.9
430,2026-08-15 03:05:25.954231+00,Colliers Wood,2026-08-15 03:00:00+00,23,22.4,60,0,49,14.8,1014.3
431,2026-08-15 04:16:14.467649+00,Colliers Wood,2026-08-15 04:15:00+00,21.5,20.7,63,0,100,15.1,1014.5
432,2026-08-15 05:12:36.981875+00,Colliers Wood,2026-08-15 05:00:00+00,21,20.1,61,0,100,13,1014.8
433,2026-08-15 06:00:57.282122+00,Colliers Wood,2026-08-15 06:00:00+00,20.7,19.5,59,0,54,13.7,1015.4
434,2026-08-15 07:44:22.199521+00,Colliers Wood,2026-08-15 07:30:00+00,21.4,20.7,63,0,75,13.3,1015.5
435,2026-08-15 08:58:57.997378+00,Colliers Wood,2026-08-15 08:45:00+00,23.3,23.2,61,0,100,12.6,1015.7
436,2026-08-15 09:53:56.783614+00,Colliers Wood,2026-08-15 09:45:00+00,25.2,25.1,52,0,4,13.7,1015.3
437,2026-08-15 10:53:22.517696+00,Colliers Wood,2026-08-15 10:45:00+00,26.5,26.1,47,0,30,13,1015.4
438,2026-08-15 11:45:12.890837+00,Colliers Wood,2026-08-15 11:45:00+00,27,26.3,46,0,80,14,1015.4
439,2026-08-15 13:19:51.208187+00,Colliers Wood,2026-08-15 13:15:00+00,27.8,27.3,42,0,68,11.9,1015.4
440,2026-08-15 13:59:58.407227+00,Colliers Wood,2026-08-15 13:45:00+00,27.8,27.2,42,0,72,11.5,1015.2
441,2026-08-15 14:54:14.862876+00,Colliers Wood,2026-08-15 14:45:00+00,27.7,27.5,44,0,81,11.2,1015
442,2026-08-15 15:48:33.39688+00,Colliers Wood,2026-08-15 15:45:00+00,27.3,27.2,48,0,85,12.2,1014.8
443,2026-08-15 16:51:51.951709+00,Colliers Wood,2026-08-15 16:45:00+00,26.7,27.3,55,0,66,11.9,1015
444,2026-08-15 17:40:41.998704+00,Colliers Wood,2026-08-15 17:30:00+00,26.1,26,54,0,73,14.4,1015
445,2026-08-15 18:01:02.717546+00,Colliers Wood,2026-08-15 18:00:00+00,25.3,25.3,59,0,66,15.8,1015.1
446,2026-08-15 19:01:25.898319+00,Colliers Wood,2026-08-15 19:00:00+00,24.1,24.5,63,0,56,13,1015.5
447,2026-08-15 19:45:59.83062+00,Colliers Wood,2026-08-15 19:45:00+00,22.8,23.2,68,0,69,13,1016.2
448,2026-08-15 20:01:03.259107+00,Colliers Wood,2026-08-15 20:00:00+00,22.4,22.7,69,0,70,13,1016.4
449,2026-08-15 20:53:58.568049+00,Colliers Wood,2026-08-15 20:45:00+00,21.9,22.4,72,0,59,12.2,1016.8
450,2026-08-15 21:47:26.769364+00,Colliers Wood,2026-08-15 21:45:00+00,21.3,22.3,75,0,68,8.6,1017.2
451,2026-08-15 22:00:59.044463+00,Colliers Wood,2026-08-15 22:00:00+00,21.2,22.3,75,0,81,7.9,1017.2
452,2026-08-15 22:53:06.693517+00,Colliers Wood,2026-08-15 22:45:00+00,21.2,22.1,75,0,82,9,1017
453,2026-08-15 23:49:56.949385+00,Colliers Wood,2026-08-15 23:45:00+00,20.8,21.8,76,0,74,7.9,1017.3
455,2026-08-16 00:04:30.816663+00,Colliers Wood,2026-08-16 00:00:00+00,20.7,21.7,76,0,70,7.9,1017.2
